boardgame_id,name,image,yearpublished
30549,Pandemic,https://cf.geekdo-images.com/S3ybV1LAp-8SnHIXLLjVqA__original/img/IsrvRLpUV1TEyZsO5rC-btXaPz0=/0x0/filters:format(jpeg)/pic1534148.jpg,2008
822,Carcassonne,https://cf.geekdo-images.com/okM0dq_bEXnbyQTOvHfwRA__original/img/aVZEXAI-cUtuunNfPhjeHlS4fwQ=/0x0/filters:format(png)/pic6544250.png,2000
13,Catan,https://cf.geekdo-images.com/W3Bsga_uLP9kO91gZ7H8yw__original/img/xV7oisd3RQ8R-k18cdWAYthHXsA=/0x0/filters:format(jpeg)/pic2419375.jpg,1995
68448,7 Wonders,https://cf.geekdo-images.com/RvFVTEpnbb4NM7k0IF8V7A__original/img/JQvRoz0xns9LZII74-ygKGDq_Es=/0x0/filters:format(jpeg)/pic860217.jpg,2010
36218,Dominion,https://cf.geekdo-images.com/j6iQpZ4XkemZP07HNCODBA__original/img/96COuakNiLRrjDLc1sM4Zxsw4WE=/0x0/filters:format(jpeg)/pic394356.jpg,2008
9209,Ticket to Ride,https://cf.geekdo-images.com/ZWJg0dCdrWHxVnc0eFXK8w__original/img/LgzEsQlF3xkSEQLoorc8ntiYiIY=/0x0/filters:format(jpeg)/pic38668.jpg,2004
178900,Codenames,https://cf.geekdo-images.com/F_KDEu0GjdClml8N7c8Imw__original/img/gcX_EfjsRpB5fI4Ug4XV73G4jGI=/0x0/filters:format(jpeg)/pic2582929.jpg,2015
31260,Agricola,https://cf.geekdo-images.com/dDDo2Hexl80ucK1IlqTk-g__original/img/toobKoejPiHpfpHk4SYd1UAJafw=/0x0/filters:format(jpeg)/pic831744.jpg,2007
3076,Puerto Rico,https://cf.geekdo-images.com/QFiIRd2kimaMqTyWsX0aUg__original/img/DOgIp57F7tKZvxeITGAd3e_Q9as=/0x0/filters:format(jpeg)/pic158548.jpg,2002
148228,Splendor,https://cf.geekdo-images.com/rwOMxx4q5yuElIvo-1-OFw__original/img/Y2tUGY2nPTGd_epJYKQXPkQD8AM=/0x0/filters:format(jpeg)/pic1904079.jpg,2014
169786,Scythe,https://cf.geekdo-images.com/7k_nOxpO9OGIjhLq2BUZdA__original/img/HlDb9F365w0tSP8uD1vf1pfniQE=/0x0/filters:format(jpeg)/pic3163924.jpg,2016
40692,Small World,https://cf.geekdo-images.com/aoPM07XzoceB-RydLh08zA__original/img/bYLzrwZO9u-3h2wyU-PHc8aTOY4=/0x0/filters:format(jpeg)/pic428828.jpg,2009
230802,Azul,https://cf.geekdo-images.com/tz19PfklMdAdjxV9WArraA__original/img/eFRt3o7W6YltnrkqpiSOKr2rKCw=/0x0/filters:format(jpeg)/pic3718275.jpg,2017
70323,King of Tokyo,https://cf.geekdo-images.com/m_RzXpHURC0_xLkvRSR_sw__original/img/hSvWgiRYJCTTuoLOWTW3c8sYtl8=/0x0/filters:format(jpeg)/pic3043734.jpg,2011
129622,Love Letter,https://cf.geekdo-images.com/T1ltXwapFUtghS9A7_tf4g__original/img/xIAzJY7rl-mtPStRZSqnTVsAr8Y=/0x0/filters:format(jpeg)/pic1401448.jpg,2012
2651,Power Grid,https://cf.geekdo-images.com/yd6LuatytHRhcFCxCf-EEg__original/img/OS13C6W4i1XW__wWVVVaqF7BV0c=/0x0/filters:format(jpeg)/pic4459753.jpg,2004
266192,Wingspan,https://cf.geekdo-images.com/yLZJCVLlIx4c7eJEWUNJ7w__original/img/cI782Zis9cT66j2MjSHKJGnFPNw=/0x0/filters:format(jpeg)/pic4458123.jpg,2019
39856,Dixit,https://cf.geekdo-images.com/uSgzS-SClISqDkYRCdUq6g__original/img/23LAfDYhJW-r5Tfb5uvHswbuh7c=/0x0/filters:format(jpeg)/pic3483909.jpg,2008
163412,Patchwork,https://cf.geekdo-images.com/wLW7pFn0--20lEizEz5p3A__original/img/B1j7R-slq8wxgC71Sg1F7S1s7Kg=/0x0/filters:format(jpeg)/pic2270442.jpg,2014
84876,The Castles of Burgundy,https://cf.geekdo-images.com/5CFwjd8zTcGYVUnkXh04hw__original/img/N8btACZrnEYK1amBNk26VBdcGwc=/0x0/filters:format(jpeg)/pic1176894.jpg,2011
478,Citadels,https://cf.geekdo-images.com/42iW4E-vOumFXRQAiSf-GA__original/img/ochY5pK4sq4vtzkka0OPRwsGLOE=/0x0/filters:format(jpeg)/pic3239104.jpg,2000
1406,Monopoly,https://cf.geekdo-images.com/9nGoBZ0MRbi6rdH47sj2Qg__original/img/bA8irydTCNlE38QSzM9EhcUIuNU=/0x0/filters:format(jpeg)/pic5786795.jpg,1933
181,Risk,https://cf.geekdo-images.com/Oem1TTtSgxOghRFCoyWRPw__original/img/Nu3eXPyOkhtnR3hhpUrtgqRMAfs=/0x0/filters:format(jpeg)/pic4916782.jpg,1959
171,Chess,https://cf.geekdo-images.com/0-DjGBOko6RV8zg5ejhYIg__original/img/0pn_QgMuWaIJb2Q7aZNfORse0_o=/0x0/filters:format(jpeg)/pic260745.jpg,1475
122522,Smash Up,https://cf.geekdo-images.com/c1DOHkXD35OcqfPoxoSXlA__original/img/QhTMABCVrt58dLsps9sAWEu8CpI=/0x0/filters:format(jpeg)/pic1269874.jpg,2012
16992,Tsuro,https://cf.geekdo-images.com/2V3d4ryhxkS3RoPtDrvpUw__original/img/TP5U-O2eujPBK9IVmmifdfkWwdQ=/0x0/filters:format(jpeg)/pic875761.jpg,2004
50381,Cards Against Humanity,https://cf.geekdo-images.com/nYLrPiI9gnvlrwOrKQ4_CA__original/img/EgMpdhoG38LUTApk0kyFFsmoQPk=/0x0/filters:format(jpeg)/pic2909692.jpg,2009
164928,Orl√©ans,https://cf.geekdo-images.com/nagl1li6kYt9elV9jbfVQw__original/img/Qn6vlBaTUaHNFsqohIUjd0EA4z0=/0x0/filters:format(jpeg)/pic6228507.jpg,2014
93,El Grande,https://cf.geekdo-images.com/GO282hlXR3RiknU5W4GZjg__original/img/TCTXvYRQGWMAngXuHZcIXRknfpc=/0x0/filters:format(png)/pic5373572.png,1995
2453,Blokus,https://cf.geekdo-images.com/96YA5wUJDxtPkmPxemr5Qg__original/img/sdX6o0TZpXjsDMw071k2P80wpYw=/0x0/filters:format(jpeg)/pic2197702.jpg,2000
153938,Camel Up,https://cf.geekdo-images.com/1ph2jVOD1MudR1fK1nkwwA__original/img/73QLoWe-ejV9mijfd7HWZwns51A=/0x0/filters:format(png)/pic2031446.png,2014
103885,Star Wars: X-Wing Miniatures Game,https://cf.geekdo-images.com/yNqgVxaqoZepir7Hzkfe-Q__original/img/H6rYWOhYjT_PXTrvHKyX6FEt-vw=/0x0/filters:format(jpeg)/pic1603292.jpg,2012
104162,Descent: Journeys in the Dark (Second Edition),https://cf.geekdo-images.com/ZN2rpiJ19lg5DZk_iYMMkQ__original/img/E7OjZXGfe2Vfj2qis30aXetbQJQ=/0x0/filters:format(jpeg)/pic1180640.jpg,2012
147949,One Night Ultimate Werewolf,https://cf.geekdo-images.com/KLDb0vR3w8mfaHgIGF0gHw__original/img/9YTYFSMwiRA01ZRNG0R5e9Rq01E=/0x0/filters:format(jpeg)/pic1809823.jpg,2014
2223,UNO,https://cf.geekdo-images.com/SU-OL7XWn7BOiSYevyTThw__original/img/JeM6Gys8GmsTTRXcukfk92YtIcA=/0x0/filters:format(jpeg)/pic981505.jpg,1971
155426,Castles of Mad King Ludwig,https://cf.geekdo-images.com/xkOTIpxwGQN4iyvbeqnytQ__original/img/lIBr9tLz2yMll_kmeAQGeLDYu0M=/0x0/filters:format(jpeg)/pic1961827.jpg,2014
100423,Elder Sign,https://cf.geekdo-images.com/wNCSCl961fMzDUhwetfjTg__original/img/H-iLs6JcceMk96bYON5c9PFUag8=/0x0/filters:format(jpeg)/pic1236119.jpg,2011
432,6 nimmt!,https://cf.geekdo-images.com/JFhLVSRFQ2mtWRNHgbZ3Wg__original/img/9fIiXGmstIfL7rLvn9pNXM1Bw6Q=/0x0/filters:format(jpeg)/pic2602138.jpg,1994
18,RoboRally,https://cf.geekdo-images.com/eJx8hRJ6-86C2VrhECwEPA__original/img/-9I8B82hDOO1n0h9urwZUdz6bqc=/0x0/filters:format(jpeg)/pic1000553.jpg,1994
8217,San Juan,https://cf.geekdo-images.com/kiD03bslLpN_0Qe1LJ8OGg__original/img/rFYh1En1BFLZ3n0Do-BwOnn7efU=/0x0/filters:format(jpeg)/pic174174.jpg,2004
244992,The Mind,https://cf.geekdo-images.com/q_JGK291hrhnhiRB0667oA__original/img/8VjZEG278faO9JZwzce3v3EKssI=/0x0/filters:format(png)/pic3979766.png,2018
123260,Suburbia,https://cf.geekdo-images.com/1YcHesB7LRvCF8i9vgH7qw__original/img/BVcGhHh0nedwcBBzu_ku-yh8LWY=/0x0/filters:format(png)/pic6009608.png,2012
154203,Imperial Settlers,https://cf.geekdo-images.com/pRwsvyfsRJ-lWWwVJCdXNg__original/img/Cw8O-7dOaO1sZRy95QGImdSm7p8=/0x0/filters:format(jpeg)/pic2871265.jpg,2014
123540,Tokaido,https://cf.geekdo-images.com/-sUA2HQNFHBxOdzHE6Ywlg__original/img/501lMzjLD_EuCxtV24y0AooDbAI=/0x0/filters:format(png)/pic3747956.png,2012
2653,Survive: Escape from Atlantis!,https://cf.geekdo-images.com/0M2ck50-GanxBWfOHUZ64A__original/img/5VKS6zuDQlHBQcTcDNRNFYu-7Bg=/0x0/filters:format(png)/pic1300182.png,1982
108745,Seasons,https://cf.geekdo-images.com/awmZ9rYy-hTgea6Vdp_OoQ__original/img/bQ_yFa_JI_B8y3N4nfXcXYU_tE0=/0x0/filters:format(jpeg)/pic1299390.jpg,2012
176494,Isle of Skye: From Chieftain to King,https://cf.geekdo-images.com/GCxsnITFBO1pNXiBYkq_qA__original/img/8uoTbz4B_M1GbT4N3vGN-bhZF2Q=/0x0/filters:format(jpeg)/pic2524838.jpg,2015
100901,Flash Point: Fire Rescue,https://cf.geekdo-images.com/v6bTbxeprDFj1nN4AenvjA__original/img/ri91i22ujLCZqxXKhFIdVDPGe8Y=/0x0/filters:format(jpeg)/pic1129370.jpg,2011
12942,No Thanks!,https://cf.geekdo-images.com/2DyxMVASynw87LRULZuyqA__original/img/IHLuH9f5dB6jJn74cdVdMixAUKg=/0x0/filters:format(jpeg)/pic4657706.jpg,2004
77423,The Lord of the Rings: The Card Game,https://cf.geekdo-images.com/ZmXi5BbtoWl58ZnKcUy1vw__original/img/nNHf1qRJCVQx_0p-1zM8QKxcywo=/0x0/filters:format(jpeg)/pic906495.jpg,2011
